-- ============================================================
-- Industrial Copilot MVP 0.2 — Seed Data
-- 品牌: 施耐德电气 + 信捷电气
-- 数据标注: 所有参数为示例，以官方资料为准
-- ============================================================

-- ════════════════════════════════════════════════════════════
-- BRANDS
-- ════════════════════════════════════════════════════════════
INSERT INTO public.brands (id, name, name_en, slug, source_note) VALUES
  ('b0000000-0000-0000-0000-000000000001', '施耐德电气', 'Schneider Electric', 'schneider', 'platform seed data — 示例数据'),
  ('b0000000-0000-0000-0000-000000000002', '信捷电气', 'XINJE Electric', 'xinje', 'platform seed data — 示例数据');

-- ════════════════════════════════════════════════════════════
-- PRODUCT CATEGORIES (通用分类，不绑定品牌)
-- ════════════════════════════════════════════════════════════
INSERT INTO public.product_categories (id, name, slug, parent_id, source_note) VALUES
  ('c0000000-0000-0000-0000-000000000001', 'PLC', 'plc', NULL, 'platform seed data'),
  ('c0000000-0000-0000-0000-000000000002', 'HMI', 'hmi', NULL, 'platform seed data'),
  ('c0000000-0000-0000-0000-000000000003', '变频器', 'vfd', NULL, 'platform seed data'),
  ('c0000000-0000-0000-0000-000000000004', '伺服系统', 'servo', NULL, 'platform seed data'),
  ('c0000000-0000-0000-0000-000000000005', '低压电器', 'low-voltage', NULL, 'platform seed data');

INSERT INTO public.product_categories (id, name, slug, parent_id, source_note) VALUES
  ('c0000000-0000-0000-0000-000000000011', '小型PLC', 'compact-plc', 'c0000000-0000-0000-0000-000000000001', 'platform seed data'),
  ('c0000000-0000-0000-0000-000000000021', '触摸屏', 'touch-screen', 'c0000000-0000-0000-0000-000000000002', 'platform seed data'),
  ('c0000000-0000-0000-0000-000000000031', '通用型变频器', 'general-vfd', 'c0000000-0000-0000-0000-000000000003', 'platform seed data');

-- ════════════════════════════════════════════════════════════
-- PRODUCTS (20 条, 示例数据)
-- ════════════════════════════════════════════════════════════

-- —— 施耐德电气 (10 条) ——

-- PLC
INSERT INTO public.products (id, brand_id, category_id, series, model, name, description, source_type, source_note) VALUES
('p0000000-0000-0000-0000-000000000001', 'b0000000-0000-0000-0000-000000000001', 'c0000000-0000-0000-0000-000000000011', 'M221', 'TM221CE16R', 'M221 16点PLC继电器输出',
 '施耐德小型PLC，16点I/O(9入7出)，继电器输出，支持Modbus RTU通讯。适用于小型设备控制。以官方资料为准。', 'platform', '示例型号，参数以施耐德官方选型手册为准'),
('p0000000-0000-0000-0000-000000000002', 'b0000000-0000-0000-0000-000000000001', 'c0000000-0000-0000-0000-000000000011', 'M221', 'TM221CE24R', 'M221 24点PLC继电器输出',
 '施耐德小型PLC，24点I/O(14入10出)，继电器输出，支持Modbus RTU。适用于小型包装产线、传送带控制。以官方资料为准。', 'platform', '示例型号，参数以施耐德官方选型手册为准'),
('p0000000-0000-0000-0000-000000000003', 'b0000000-0000-0000-0000-000000000001', 'c0000000-0000-0000-0000-000000000011', 'M221', 'TM221CE40R', 'M221 40点PLC继电器输出',
 '施耐德小型PLC旗舰型号，40点I/O(24入16出)，继电器输出，支持Modbus RTU/TCP，可扩展模块。适用于中型包装线、多台设备联动控制。以官方资料为准。', 'platform', '示例型号，参数以施耐德官方选型手册为准');

-- VFD
INSERT INTO public.products (id, brand_id, category_id, series, model, name, description, source_type, source_note) VALUES
('p0000000-0000-0000-0000-000000000004', 'b0000000-0000-0000-0000-000000000001', 'c0000000-0000-0000-0000-000000000031', 'ATV320', 'ATV320U07N4B', 'ATV320 0.75kW变频器',
 '施耐德通用型变频器，0.75kW，三相380V，IP20，支持Modbus/CANopen。适用于小型风机、水泵、输送带。以官方资料为准。', 'platform', '示例型号，参数以施耐德官方选型手册为准'),
('p0000000-0000-0000-0000-000000000005', 'b0000000-0000-0000-0000-000000000001', 'c0000000-0000-0000-0000-000000000031', 'ATV320', 'ATV320U75N4B', 'ATV320 7.5kW变频器',
 '施耐德通用型变频器，7.5kW，三相380V，IP20，支持Modbus/CANopen。适用于较大功率风机、水泵、输送带。以官方资料为准。', 'platform', '示例型号，参数以施耐德官方选型手册为准'),
('p0000000-0000-0000-0000-000000000006', 'b0000000-0000-0000-0000-000000000001', 'c0000000-0000-0000-0000-000000000031', 'ATV630', 'ATV630U75N4', 'ATV630 7.5kW高性能变频器',
 '施耐德高性能变频器，7.5kW，三相380V，IP55(适合粉尘潮湿环境)，支持Modbus TCP/EtherNet/IP。适用于要求较高的应用场景。以官方资料为准。', 'platform', '示例型号，参数以施耐德官方选型手册为准');

-- HMI
INSERT INTO public.products (id, brand_id, category_id, series, model, name, description, source_type, source_note) VALUES
('p0000000-0000-0000-0000-000000000007', 'b0000000-0000-0000-0000-000000000001', 'c0000000-0000-0000-0000-000000000021', 'HMIGTO', 'HMIGTO5310', 'HMIGTO 7寸触摸屏',
 '施耐德7寸彩色触摸屏，800x480分辨率，支持Modbus RTU/TCP。适用于小型设备人机界面。以官方资料为准。', 'platform', '示例型号，参数以施耐德官方选型手册为准'),
('p0000000-0000-0000-0000-000000000008', 'b0000000-0000-0000-0000-000000000001', 'c0000000-0000-0000-0000-000000000021', 'HMIGTO', 'HMIGTO6310', 'HMIGTO 10寸触摸屏',
 '施耐德10寸彩色触摸屏，1024x600分辨率，支持Modbus RTU/TCP和EtherNet/IP。适用于需要丰富画面展示的设备。以官方资料为准。', 'platform', '示例型号，参数以施耐德官方选型手册为准');

-- Servo
INSERT INTO public.products (id, brand_id, category_id, series, model, name, description, source_type, source_note) VALUES
('p0000000-0000-0000-0000-000000000009', 'b0000000-0000-0000-0000-000000000001', 'c0000000-0000-0000-0000-000000000004', 'LXM32', 'LXM32MD18N4', 'LXM32 1.8kW伺服驱动器',
 '施耐德伺服驱动器，1.8kW，三相380V，支持EtherCAT/CANopen。适用于包装机、贴标机等需要精确定位的设备。以官方资料为准。', 'platform', '示例型号，参数以施耐德官方选型手册为准');

-- 低压电器
INSERT INTO public.products (id, brand_id, category_id, series, model, name, description, source_type, source_note) VALUES
('p0000000-0000-0000-0000-000000000010', 'b0000000-0000-0000-0000-000000000001', 'c0000000-0000-0000-0000-000000000005', 'GV2', 'GV2ME10', 'GV2 4-6.3A电动机断路器',
 '施耐德电动机断路器，热磁保护，额定电流4-6.3A，适用于小型电机保护。以官方资料为准。', 'platform', '示例型号，参数以施耐德官方选型手册为准');


-- —— 信捷电气 (10 条) ——

-- PLC
INSERT INTO public.products (id, brand_id, category_id, series, model, name, description, source_type, source_note) VALUES
('p0000000-0000-0000-0000-000000000011', 'b0000000-0000-0000-0000-000000000002', 'c0000000-0000-0000-0000-000000000011', 'XC3', 'XC3-14R-E', 'XC3 14点PLC继电器输出',
 '信捷小型PLC，14点I/O(8入6出)，继电器输出，支持Modbus RTU。性价比高，适用于简单设备控制和小型老设备改造。以官方资料为准。', 'platform', '示例型号，参数以信捷官方选型手册为准'),
('p0000000-0000-0000-0000-000000000012', 'b0000000-0000-0000-0000-000000000002', 'c0000000-0000-0000-0000-000000000011', 'XC3', 'XC3-24R-E', 'XC3 24点PLC继电器输出',
 '信捷小型PLC，24点I/O(14入10出)，继电器输出，支持Modbus RTU，可扩展。适用于小型包装产线、输送线控制。以官方资料为准。', 'platform', '示例型号，参数以信捷官方选型手册为准'),
('p0000000-0000-0000-0000-000000000013', 'b0000000-0000-0000-0000-000000000002', 'c0000000-0000-0000-0000-000000000011', 'XD3', 'XD3-32R-E', 'XD3 32点PLC继电器输出',
 '信捷XD3系列中型PLC，32点I/O(18入14出)，继电器输出，支持Modbus RTU/TCP。适用于中型包装产线、温控系统。以官方资料为准。', 'platform', '示例型号，参数以信捷官方选型手册为准');

-- VFD
INSERT INTO public.products (id, brand_id, category_id, series, model, name, description, source_type, source_note) VALUES
('p0000000-0000-0000-0000-000000000014', 'b0000000-0000-0000-0000-000000000002', 'c0000000-0000-0000-0000-000000000031', 'VH6', 'VH6-0R7G-3B', 'VH6 0.75kW变频器',
 '信捷通用型变频器，0.75kW，三相380V，内置简易PLC功能。适用于小型输送带、风机。以官方资料为准。', 'platform', '示例型号，参数以信捷官方选型手册为准'),
('p0000000-0000-0000-0000-000000000015', 'b0000000-0000-0000-0000-000000000002', 'c0000000-0000-0000-0000-000000000031', 'VH6', 'VH6-7R5G-3B', 'VH6 7.5kW变频器',
 '信捷通用型变频器，7.5kW，三相380V，内置简易PLC功能。适用于较大功率输送带、水泵。以官方资料为准。', 'platform', '示例型号，参数以信捷官方选型手册为准');

-- HMI
INSERT INTO public.products (id, brand_id, category_id, series, model, name, description, source_type, source_note) VALUES
('p0000000-0000-0000-0000-000000000016', 'b0000000-0000-0000-0000-000000000002', 'c0000000-0000-0000-0000-000000000021', 'TH', 'TH465-M', 'TH465 4.3寸触摸屏',
 '信捷4.3寸触摸屏，480x272分辨率，支持Modbus RTU。适用于小型设备、老设备改造。以官方资料为准。', 'platform', '示例型号，参数以信捷官方选型手册为准'),
('p0000000-0000-0000-0000-000000000017', 'b0000000-0000-0000-0000-000000000002', 'c0000000-0000-0000-0000-000000000021', 'TH', 'TH765-M', 'TH765 7寸触摸屏',
 '信捷7寸触摸屏，800x480分辨率，支持Modbus RTU/TCP。适用于包装产线、设备监控。以官方资料为准。', 'platform', '示例型号，参数以信捷官方选型手册为准');

-- Servo
INSERT INTO public.products (id, brand_id, category_id, series, model, name, description, source_type, source_note) VALUES
('p0000000-0000-0000-0000-000000000018', 'b0000000-0000-0000-0000-000000000002', 'c0000000-0000-0000-0000-000000000004', 'DS3', 'DS3-20P7-AD', 'DS3 0.75kW伺服驱动器',
 '信捷伺服驱动器，0.75kW，支持位置/速度/转矩控制。适用于贴标机、封口机。以官方资料为准。', 'platform', '示例型号，参数以信捷官方选型手册为准');

-- 低压电器
INSERT INTO public.products (id, brand_id, category_id, series, model, name, description, source_type, source_note) VALUES
('p0000000-0000-0000-0000-000000000019', 'b0000000-0000-0000-0000-000000000002', 'c0000000-0000-0000-0000-000000000005', 'NXC', 'NXC-09', 'NXC 9A接触器',
 '信捷交流接触器，额定电流9A，适用于小型电机控制回路。以官方资料为准。', 'platform', '示例型号，参数以信捷官方选型手册为准'),
('p0000000-0000-0000-0000-000000000020', 'b0000000-0000-0000-0000-000000000002', 'c0000000-0000-0000-0000-000000000005', 'NXB', 'NXB-63 C16', 'NXB-63 C16小型断路器',
 '信捷小型断路器，C曲线，额定电流16A，适用于控制回路保护。以官方资料为准。', 'platform', '示例型号，参数以信捷官方选型手册为准');

-- ════════════════════════════════════════════════════════════
-- PRODUCT_ATTRIBUTES (示例参数, 核心产品)
-- ════════════════════════════════════════════════════════════
INSERT INTO public.product_attributes (product_id, attr_group, attr_name, attr_value, sort_order, source_note) VALUES
-- M221 TM221CE40R
('p0000000-0000-0000-0000-000000000003', '基本参数', 'I/O点数', '40点(24入16出)', 1, '示例参数'),
('p0000000-0000-0000-0000-000000000003', '基本参数', '输出类型', '继电器', 2, '示例参数'),
('p0000000-0000-0000-0000-000000000003', '通讯', '通讯协议', 'Modbus RTU/TCP', 3, '示例参数'),
('p0000000-0000-0000-0000-000000000003', '电源', '供电电压', 'AC 100-240V', 4, '示例参数'),
-- ATV320U75N4B
('p0000000-0000-0000-0000-000000000005', '基本参数', '额定功率', '7.5kW', 1, '示例参数'),
('p0000000-0000-0000-0000-000000000005', '基本参数', '输入电压', '三相380-480V', 2, '示例参数'),
('p0000000-0000-0000-0000-000000000005', '基本参数', '防护等级', 'IP20', 3, '示例参数'),
('p0000000-0000-0000-0000-000000000005', '通讯', '通讯协议', 'Modbus RTU, CANopen', 4, '示例参数'),
-- XC3-24R-E
('p0000000-0000-0000-0000-000000000012', '基本参数', 'I/O点数', '24点(14入10出)', 1, '示例参数'),
('p0000000-0000-0000-0000-000000000012', '基本参数', '输出类型', '继电器', 2, '示例参数'),
('p0000000-0000-0000-0000-000000000012', '通讯', '通讯协议', 'Modbus RTU', 3, '示例参数'),
('p0000000-0000-0000-0000-000000000012', '电源', '供电电压', 'AC 100-240V', 4, '示例参数'),
-- VH6-7R5G-3B
('p0000000-0000-0000-0000-000000000015', '基本参数', '额定功率', '7.5kW', 1, '示例参数'),
('p0000000-0000-0000-0000-000000000015', '基本参数', '输入电压', '三相380V', 2, '示例参数'),
('p0000000-0000-0000-0000-000000000015', '基本参数', '防护等级', 'IP20', 3, '示例参数'),
('p0000000-0000-0000-0000-000000000015', '功能', '内置功能', '内置简易PLC', 4, '示例参数');

-- ════════════════════════════════════════════════════════════
-- SALES_KNOWLEDGE (10 条, 贴近真实销售场景)
-- ════════════════════════════════════════════════════════════
INSERT INTO public.sales_knowledge (id, title, content, category_tags, brand_id, source_type, source_note) VALUES
('k0000000-0000-0000-0000-000000000001',
 '小型包装产线标准配置方案',
 '小型包装产线通常需要以下配置：1台小型PLC(如M221或XC3)作为主控，1-3台变频器驱动输送带和封口机，1台HMI用于产线监控。如果客户预算有限，优先推荐信捷方案(PLC XC3-24R-E + VFD VH6 + HMI TH465-M)，成本低且性能满足。如果客户对品牌有要求，推荐施耐德方案(PLC M221 TM221CE24R + VFD ATV320 + HMI HMIGTO5310)。关键点：I/O点数要留20%余量，变频器功率需匹配电机额定功率。',
 ARRAY['包装产线','选型方案','PLC','变频器','HMI'], NULL, 'internal', '示例销售知识，基于常见小型包装产线场景'),
('k0000000-0000-0000-0000-000000000002',
 '小型设备控制PLC选型指南',
 '小型设备控制(如单机封口机、贴标机、灌装机)：如果I/O需求在16点以内且无复杂通讯需求，推荐信捷XC3-14R-E或施耐德M221 TM221CE16R。如果I/O需求在16-40点，推荐信捷XC3-24R-E或施耐德M221 TM221CE40R。选型要点：1)确认输入输出点数并留余量 2)确认是否需要模拟量I/O 3)确认通讯协议(Modbus RTU是最常用的)。价格敏感客户优先推信捷，品牌和稳定性优先推施耐德。',
 ARRAY['小型设备','PLC','选型指南'], NULL, 'internal', '示例销售知识，基于代理商常见选型场景'),
('k0000000-0000-0000-0000-000000000003',
 '输送线/传送带变频器选型要点',
 '输送线和传送带属于恒转矩负载。变频器选型关键：1)功率按电机额定功率×1.1选择 2)需要考虑启动转矩(恒转矩负载启动电流大) 3)多段速运行建议选用带简易PLC功能的变频器(如信捷VH6系列) 4)长距离输送可能需要多个变频器同步。普通输送线：施耐德ATV320或信捷VH6均可。要求高精度同步：推荐伺服方案。潮湿/粉尘环境：注意防护等级，ATV320的IP20需加防护措施，ATV630自带IP55。',
 ARRAY['输送线','传送带','变频器','选型指南'], NULL, 'internal', '示例销售知识，基于输送线应用场景'),
('k0000000-0000-0000-0000-000000000004',
 '温控系统选型建议',
 '温控系统(如注塑机、挤出机、烘干设备)：通常需要PLC+温控模块+变频器/接触器。小型温控点数(2-4路)：可用PLC本体+扩展温控模块。中大型温控(8路以上)：推荐专用温控器或HMI+PLC方案。施耐德M221可扩展模拟量模块支持温度传感器。信捷XD3系列支持多路PID温控。选型要点：确认温度传感器类型(热电偶/RTD)、控制精度要求、加热功率。',
 ARRAY['温控','温度控制','PLC','选型建议'], NULL, 'internal', '示例销售知识，基于温控系统场景'),
('k0000000-0000-0000-0000-000000000005',
 '老设备改造策略',
 '老设备改造(继电器控制柜改造为PLC控制)：1)先确认现有I/O点数(数继电器和接触器数量) 2)预留20-30%扩展余量 3)如果客户不更换HMI，需要确认原HMI的通讯协议 4)低压电器(断路器、接触器)如仍可用，保留以降低成本。老设备改造预算通常紧张，优先推荐信捷方案：XC3-14R-E或XC3-24R-E替换继电器柜，成本可控。如果原设备是国外品牌且客户要求保持一致性，推荐施耐德。关键：改造期间设备停机时间要最小化，推荐先在PLC上提前编程调试。',
 ARRAY['老设备改造','PLC','继电器','预算优化'], NULL, 'experience', '示例销售知识，基于代理商真实改造项目经验'),
('k0000000-0000-0000-0000-000000000006',
 '施耐德 vs 信捷 — 选型对比话术',
 '给客户做跨品牌对比时的销售话术：施耐德优势 — 全球化品牌、产品线完整、技术支持体系成熟、备件供应网络广、适合高端客户和对品牌有要求的大项目。信捷优势 — 性价比高、产品线覆盖中小型应用、技术支持响应快(国产)、在小型设备和OEM配套中口碑好。跟客户沟通时不要说"谁好谁差"，而是说"根据您的项目需求和预算，我们推荐XX方案"。预算有限但性能够用 → 信捷；品牌和长期服务优先 → 施耐德。',
 ARRAY['品牌对比','施耐德','信捷','销售话术'], NULL, 'experience', '示例销售知识，基于代理商销售实战经验'),
('k0000000-0000-0000-0000-000000000007',
 'HMI选型指南 — 尺寸与分辨率',
 'HMI选型要点：1)4.3寸屏(如信捷TH465-M)适用于简单设备监控、老设备改造，成本最低 2)7寸屏(如施耐德HMIGTO5310、信捷TH765-M)是中小型设备最常用的规格，性价比高 3)10寸屏(如施耐德HMIGTO6310)适用于需要展示较多数据、工艺流程的设备。选型提示：确认PLC与HMI的通讯协议兼容(Modbus RTU通常都支持)。如果客户已有某品牌PLC，优先推荐同品牌HMI(通讯兼容性最好)。',
 ARRAY['HMI','触摸屏','选型指南'], NULL, 'internal', '示例销售知识，基于HMI选型场景'),
('k0000000-0000-0000-0000-000000000008',
 '预算有限客户的方案优化策略',
 '当客户预算有限时：1)优先用信捷方案替代施耐德(PLC+变频器+HMI整套成本约低30-40%) 2)减少不必要的扩展模块，但I/O留10%余量 3)小型设备可用HMI替代物理按钮和指示灯节省成本 4)问清楚客户"哪些功能是必须的，哪些是锦上添花" 5)低压电器(断路器、接触器)可用性价比品牌替代。注意：不要为了省钱推荐功率不足的变频器或用小马拉大车，后期故障维修成本远高于前期省的钱。',
 ARRAY['预算优化','方案设计','信捷','销售技巧'], NULL, 'experience', '示例销售知识，基于代理商真实项目经验'),
('k0000000-0000-0000-0000-000000000009',
 '变频器常见应用场景速查',
 '工业自动化常见变频器应用场景：1)风机/水泵 — 变转矩负载，推荐通用型变频器，施耐德ATV320或信捷VH6均可，功率按电机功率选 2)输送带 — 恒转矩负载，需要低频大转矩能力，建议选大一档 3)搅拌机/破碎机 — 重载启动，需要150%过载能力 4)包装机 — 频繁加减速，响应速度要求高，推荐伺服或高性能变频器 5)空压机 — 节能是关键，变频器可以显著降低能耗。如果负载类型不确定，先问客户"这个电机带什么负载"。',
 ARRAY['变频器','应用场景','选型速查'], NULL, 'internal', '示例销售知识，基于常见变频器应用场景'),
('k0000000-0000-0000-0000-000000000010',
 'PLC I/O点数快速估算方法',
 'PLC I/O点数估算是选型的第一步。快速估算法：1)列出所有输入信号 — 按钮、限位开关、传感器、急停按钮等，每个算1点输入 2)列出所有输出信号 — 接触器、电磁阀、指示灯、报警器等，每个算1点输出 3)总数+20%余量 = 所需I/O点数 4)模拟量信号(AI/AO)单独计算，如压力传感器(1个AI)、变频器速度给定(1个AO) 5)如果有多个相同设备(如3台相同的变频器)，需要分别计算通讯或硬接线点数。销售可先估算再跟售前确认。常见翻车点：忘了算急停回路、忘了算报警输出、通讯控制的信号误算成硬接线。',
 ARRAY['PLC','I/O估算','选型方法'], NULL, 'internal', '示例销售知识，基于代理商选型常见问题');
